48	343836	240000	343836	1536	1
49	336840	240000	336840	1536	1
50	349980	240000	349980	1536	1
51	359388	240000	359388	1536	1
52	338856	240000	338856	1536	1
53	338628	240000	338628	1536	1
54	346512	240000	346512	1536	1
55	345912	240000	345912	1536	1
56	337656	240000	337656	1536	1
57	364092	240000	364092	1536	1
58	350832	240000	350832	1536	1
59	368868	240000	368868	1536	1
60	345012	240000	345012	1536	1
61	342144	240000	342144	1536	1
62	342048	240000	342048	1536	1
63	346572	240000	346572	1536	1
64	346884	240000	346884	1536	1
65	363852	240000	363852	1536	1
66	348732	240000	348732	1536	1
67	358644	240000	358644	1536	1
68	373908	240000	373908	1536	1
69	356724	240000	356724	1536	1
70	336288	240000	336288	1536	1
71	359040	240000	359040	1536	1
72	375288	240000	375288	1536	1
73	346872	240000	346872	1536	1
74	373560	240000	373560	1536	1
75	354924	240000	354924	1536	1
76	337944	240000	337944	1536	1
77	339108	240000	339108	1536	1
78	337872	240000	337872	1536	1
79	338772	240000	338772	1536	1
80	339396	240000	339396	1536	1
81	337008	240000	337008	1536	1
82	347844	240000	347844	1536	1
83	344664	240000	344664	1536	1
84	339588	240000	339588	1536	1
85	341976	240000	341976	1536	1
